id_publicacao,itens_apriori
Quero saber: O que fazer se um carrapato me picar?,"desempenho:alto, retencao:desconhecida, duracao:curta"
"Aula Magna: formação universitária, relações étnico-raciais e esperança","desempenho:baixo, retencao:desconhecida, duracao:longa"
"Aula Magna:""Cartas à juventude universitária: como cuidar (e receber cuidado) da nossa saúde mental""","desempenho:baixo, retencao:desconhecida, duracao:longa"
Segundo Debate - Pesquisa Eleitoral - Gestão 2025-2029,"desempenho:baixo, retencao:desconhecida, duracao:longa"
Quero saber – O que é ser uma pessoa trans? E quais as origens da transfobia?,"desempenho:baixo, retencao:desconhecida, duracao:curta"
Primeiro Debate - Pesquisa eleitoral - Gestão 2025-2029,"desempenho:baixo, retencao:desconhecida, duracao:longa"
Ética na Pesquisa,"desempenho:baixo, retencao:desconhecida, duracao:longa"
"Conexão Federal: Mulheres da família Prestes, com Anita Prestes","desempenho:baixo, retencao:desconhecida, duracao:longa"
Reunião Extraordinária do ConsUni,"desempenho:baixo, retencao:desconhecida, duracao:longa"
UFSCar 55 anos,"desempenho:baixo, retencao:desconhecida, duracao:longa"
Quero saber - O que faz um Gestor Ambiental?,"desempenho:baixo, retencao:desconhecida, duracao:media"
Audiência pública - ConsUni,"desempenho:baixo, retencao:desconhecida, duracao:longa"
Cerimônia solene de posse da Gestão 2025-2029,"desempenho:baixo, retencao:desconhecida, duracao:longa"
Conferência IEAE - Universidade para o futuro,"desempenho:baixo, retencao:desconhecida, duracao:longa"
Conheça a UFSCar,"desempenho:baixo, retencao:desconhecida, duracao:media"
"#6 - Conheça como funciona a Eletroterapia, recurso fisioterapêutico usado com finalidades variadas","desempenho:baixo, retencao:desconhecida, duracao:longa"
SEGrad: Mesa Redonda: A Utilização da Inteligência Artificial no Ensino de Graduação,"desempenho:baixo, retencao:desconhecida, duracao:longa"
"Abertura e Mesa: Ensino, Extensão e Pesquisa na UFSCar: um olhar para o futuro da indissociabilidade","desempenho:baixo, retencao:desconhecida, duracao:longa"
SeGrad | UFSCar 2025: Interprofissionalidade no Ensino da Graduação,"desempenho:baixo, retencao:desconhecida, duracao:longa"
Anita no acervo de Prestes: histórias que viajam no tempo,"desempenho:baixo, retencao:desconhecida, duracao:longa"
Roda de conversa –  Ciência e Humano,"desempenho:baixo, retencao:desconhecida, duracao:longa"
PIBID forma licenciandos para a docência em sala de aula,"desempenho:baixo, retencao:desconhecida, duracao:media"
ICC Entrevista - Vera Cêpeda sobre o Prêmio Nobel de Economia 2024,"desempenho:baixo, retencao:desconhecida, duracao:longa"
Universidade para o Futuro - Os desafios para a Pós-Graduação,"desempenho:baixo, retencao:desconhecida, duracao:longa"
"ICC Entrevista - André Moura, sobre o Prêmio Nobel de Química 2024","desempenho:baixo, retencao:desconhecida, duracao:longa"
Reunião Extraordinária do ConsUni,"desempenho:baixo, retencao:desconhecida, duracao:longa"
281ª Reunião Ordinária do Conselho Universitário,"desempenho:baixo, retencao:desconhecida, duracao:longa"
Quero saber - Quem tem Doença Pulmonar Obstrutiva Crônica deve praticar atividades físicas?,"desempenho:baixo, retencao:desconhecida, duracao:media"
279ª Reunião Ordinária do Conselho Universitário,"desempenho:baixo, retencao:desconhecida, duracao:longa"
Palestra Bolsas de Estudos no Japão - MEXT 2026,"desempenho:baixo, retencao:desconhecida, duracao:longa"
116ª Reunião Ordinária do CoG,"desempenho:baixo, retencao:desconhecida, duracao:longa"
Como prevenir a violência nas escolas?,"desempenho:baixo, retencao:desconhecida, duracao:longa"
Homenagem Prof. Elson Longo - A química em materiais: da teoria à inovação,"desempenho:baixo, retencao:desconhecida, duracao:longa"
UFSCar conta Sua História - Oswaldo Baptista Duarte Filho,"desempenho:baixo, retencao:desconhecida, duracao:longa"
Quero saber – Ecoturismo é apenas o turismo na natureza?,"desempenho:baixo, retencao:desconhecida, duracao:longa"
20ª Reunião Ordinária do Conselho de Gestão de Pessoas,"desempenho:baixo, retencao:desconhecida, duracao:longa"
280ª Reunião Ordinária do Conselho Universitário,"desempenho:baixo, retencao:desconhecida, duracao:longa"
2ª chamada SiSU - Entenda a lista e a movimentação das vagas!,"desempenho:baixo, retencao:desconhecida, duracao:media"
Reunião extraordinária do ConsUni,"desempenho:baixo, retencao:desconhecida, duracao:longa"
"Workshop ""Biologia Quântica - o surgimento de um novo paradigma""","desempenho:baixo, retencao:desconhecida, duracao:longa"
Quero saber - O que é voyeurismo?,"desempenho:baixo, retencao:desconhecida, duracao:curta"
Sessão Pública de Apuração,"desempenho:baixo, retencao:desconhecida, duracao:longa"
163ª Reunião Ordinária do conselho de Pós-Graduação da UFSCar,"desempenho:baixo, retencao:desconhecida, duracao:longa"
19ª Reunião Ordinária do Conselho de Gestão de Pessoas (CoGePe) da UFSCar,"desempenho:baixo, retencao:desconhecida, duracao:longa"
CORPOREIDADES DISSIDENTES NA UNIVERSIDADE EM TEMPOS DE REAFIRMAÇÃO DA DEMOCRACIA,"desempenho:baixo, retencao:desconhecida, duracao:longa"
"IMPORTÂNCIA DOS FEMINISMOS PARA A CONSTRUÇÃO DA JUSTIÇA SOCIAL, NO COTIDIANO DAS MULHERES","desempenho:baixo, retencao:desconhecida, duracao:longa"
Reunião Extraordinária do CoG,"desempenho:baixo, retencao:desconhecida, duracao:longa"
Max e sua turma em: Descobrindo o Mar - Episódio 1 - O mar que a gente respira,"desempenho:baixo, retencao:desconhecida, duracao:media"
Palestra: Pedagogia do arquivo: produção e difusão do conhecimento na era da inteligência artificial,"desempenho:baixo, retencao:desconhecida, duracao:longa"
Palestra –  Reconhecimento de saberes e reexistência epistemológica  transformar a universidade,"desempenho:baixo, retencao:desconhecida, duracao:longa"
21ª Reunião Ordinária do CoGePe - Conselho de Gestão de Pessoas,"desempenho:baixo, retencao:desconhecida, duracao:longa"
Feira de Oportunidades 24 - Da UFSCar à Liderança na Amdocs: Inspire-se com essa Jornada de Sucesso!,"desempenho:baixo, retencao:desconhecida, duracao:longa"
Diálogos Avançados - De Que Falamos Quando Falamos de Antropoceno,"desempenho:baixo, retencao:desconhecida, duracao:longa"
Quero saber - Como o PNLD contribui para a qualidade do livro didático no Brasil?,"desempenho:baixo, retencao:desconhecida, duracao:media"
Venha estudar na UFSCar! Esta Universidade é para você!,"desempenho:baixo, retencao:desconhecida, duracao:media"
Debate em 28/5 abordará inclusão epistemológica e Ciência antirracista,"desempenho:baixo, retencao:desconhecida, duracao:longa"
72ª Reunião Ordinária do Conselho de Administração,"desempenho:baixo, retencao:desconhecida, duracao:longa"
Îandê YBY (Somos a Terra) e Não Donos Dela - Já somos um outro mundo possível,"desempenho:baixo, retencao:desconhecida, duracao:longa"
Max e sua turma em: Descobrindo o Mar - Episódio 2 – O plástico a caminho do mar,"desempenho:baixo, retencao:desconhecida, duracao:longa"
Reunião Extraordinária do ConsUni em conjunto com o CoAd,"desempenho:baixo, retencao:desconhecida, duracao:longa"
Conferência IEAE - Universidade para o Futuro,"desempenho:baixo, retencao:desconhecida, duracao:longa"
22ª Reunião Ordinária do Conselho de Gestão de Pessoas,"desempenho:baixo, retencao:desconhecida, duracao:longa"
Quero saber - Genética da Conservação: o que é e para que serve?,"desempenho:baixo, retencao:desconhecida, duracao:longa"
Lançamento do livro de 30 anos da EdUFSCar,"desempenho:baixo, retencao:desconhecida, duracao:longa"
282ª Reunião Ordinária do Conselho Universitário,"desempenho:baixo, retencao:desconhecida, duracao:longa"
UFSCar conta Sua História - Luiz Antônio Tonin,"desempenho:baixo, retencao:desconhecida, duracao:longa"
Quero saber – Quais os tipos de assédio mais comuns?,"desempenho:baixo, retencao:desconhecida, duracao:curta"
ICC Entrevista - Prêmio Nobel de Literatura 2024,"desempenho:baixo, retencao:desconhecida, duracao:media"
73ª Reunião Ordinária do Conselho de Administração - CoAd,"desempenho:baixo, retencao:desconhecida, duracao:longa"
Quero saber - O que é Linguagem Simples?,"desempenho:baixo, retencao:desconhecida, duracao:media"
"Quero saber - Acupuntura, fitoterápicos, aromaterapia: a que - e quem - servem as PICs no SUS?","desempenho:baixo, retencao:desconhecida, duracao:longa"
278ª Reunião Ordinária do ConsUni,"desempenho:baixo, retencao:desconhecida, duracao:longa"
80ª Reunião Ordinária do CoACE,"desempenho:baixo, retencao:desconhecida, duracao:longa"
Unidade Saúde Escola da UFSCar comemora 20 anos,"desempenho:baixo, retencao:desconhecida, duracao:media"
"Max e sua turma em: Descobrindo o Mar - Episódio 3 – Vento quente, chuva fria","desempenho:baixo, retencao:desconhecida, duracao:media"
Reitora da UFSCar fala de investimentos na consolidação dos 4 campi da UFSCar,"desempenho:baixo, retencao:desconhecida, duracao:media"
Quero saber - O que faz um Gestor Ambiental?,"desempenho:baixo, retencao:boa, duracao:curta"
Quero saber - Como e por que a transfobia mata?,"desempenho:baixo, retencao:desconhecida, duracao:media"
Anita no acervo de Prestes: histórias que viajam no tempo,"desempenho:baixo, retencao:boa, duracao:curta"
Reunião Extraordinária do Conselho Universitário,"desempenho:baixo, retencao:desconhecida, duracao:longa"
117ª Reunião Ordinária do CoG,"desempenho:baixo, retencao:desconhecida, duracao:longa"
Quero saber - Gordofobia: é crime ou é bobagem?,"desempenho:baixo, retencao:desconhecida, duracao:media"
Diálogos Avançados - Vida e Energia,"desempenho:baixo, retencao:desconhecida, duracao:longa"
113ª Reunião Ordinária do Conselho de Graduação,"desempenho:baixo, retencao:desconhecida, duracao:longa"
Quero saber - Livro didático em escola pública: presta ou não presta?,"desempenho:baixo, retencao:desconhecida, duracao:longa"
2ª Sessão da 113ª Reunião Ordinária do Conselho de Graduação,"desempenho:baixo, retencao:desconhecida, duracao:longa"
Quero saber – De onde surge e como se perpetua o machismo?,"desempenho:baixo, retencao:desconhecida, duracao:media"
162a Reunião Ordinária do Conselho de Pós-Graduação da UFSCar,"desempenho:baixo, retencao:desconhecida, duracao:longa"
Conselhos Superiores - Sessão Pública de apuração dos votos,"desempenho:baixo, retencao:desconhecida, duracao:longa"
"Diálogos Avançados - Urbanização Planetária, Ecologias e Desigualdades","desempenho:baixo, retencao:desconhecida, duracao:longa"
Inspirando Novas Gerações: O Papel da Educação na Construção de um Futuro Mais Justo,"desempenho:baixo, retencao:desconhecida, duracao:longa"
2ª Sessão da 112ª Reunião Ordinária do CoG,"desempenho:baixo, retencao:desconhecida, duracao:longa"
Projeto no Colégio de Aplicação da UFSCar envolve crianças na prática de compostagem,"desempenho:baixo, retencao:desconhecida, duracao:media"
Reunião Conselho de Ações Afirmativas Diversidade e Equidade (CAADE),"desempenho:baixo, retencao:desconhecida, duracao:longa"
Conheça a FAI UFSCar!,"desempenho:baixo, retencao:desconhecida, duracao:media"
Constituição da cédula de votação e lista de votantes,"desempenho:baixo, retencao:desconhecida, duracao:longa"
I Encontro de pesquisas em terapia ocupacional  PPGTO - UFSCar (1º dia),"desempenho:baixo, retencao:desconhecida, duracao:longa"
Quero saber - Esportes Paralímpicos,"desempenho:baixo, retencao:desconhecida, duracao:media"
Feira do Livro EdUFSCar - Desbravando uma teoria incógnita: Debate sobre a educação soviética,"desempenho:baixo, retencao:desconhecida, duracao:longa"
Live lançamento capacitação 4.0 - 2024,"desempenho:baixo, retencao:desconhecida, duracao:longa"
"Quero saber – Afinal, o que é ecoturismo?","desempenho:baixo, retencao:desconhecida, duracao:curta"
Sob o nascer do Sol - Vídeo 1,"desempenho:baixo, retencao:desconhecida, duracao:media"
18a. Reunião Ordinária CoGePe,"desempenho:baixo, retencao:desconhecida, duracao:longa"
UFSCar conta Sua História - Elisabeth Márcia Martucci,"desempenho:baixo, retencao:desconhecida, duracao:longa"
UFSCar conta Sua História - Carlos Eduardo Santa Maria,"desempenho:baixo, retencao:desconhecida, duracao:longa"
Ética na Pesquisa,"desempenho:baixo, retencao:boa, duracao:curta"
81ª Reunião Ordinária do CoACE,"desempenho:baixo, retencao:desconhecida, duracao:longa"
I Encontro de pesquisas em terapia ocupacional PPGTO - UFSCar (2º dia),"desempenho:baixo, retencao:desconhecida, duracao:longa"
112ª Reunião Ordinária do CoG,"desempenho:baixo, retencao:desconhecida, duracao:longa"
115ª Reunião Ordinária do CoG,"desempenho:baixo, retencao:desconhecida, duracao:longa"
Quero saber – O que é a Síndrome de Burnout?,"desempenho:baixo, retencao:desconhecida, duracao:media"
156ª Reunião Ordinária do Conselho de Extensão,"desempenho:baixo, retencao:desconhecida, duracao:longa"
MESACAST – O Rastro e o Lastro da Poluição Plástica: da Ciência às decisões políticas sobre praias,"desempenho:baixo, retencao:desconhecida, duracao:longa"
114ª Reunião Ordinária do Conselho de Graduação,"desempenho:baixo, retencao:desconhecida, duracao:longa"
Quero saber – Quais as origens do machismo?,"desempenho:baixo, retencao:desconhecida, duracao:curta"
Conheça o UFSCar+Escola,"desempenho:baixo, retencao:desconhecida, duracao:media"
Reitora da UFSCar avalia anúncio referente ao Novo PAC e à implantação de novos campi no País,"desempenho:baixo, retencao:desconhecida, duracao:media"
UFSCar recebe estudantes estrangeiros pelo GCUB-MOB,"desempenho:baixo, retencao:desconhecida, duracao:curta"
Reunião do Colégio  Eleitoral,"desempenho:baixo, retencao:desconhecida, duracao:longa"
55 anos de UFSCar pelo mundo,"desempenho:baixo, retencao:desconhecida, duracao:media"
"Aula Magna da UFSCar com o Ministro dos Direitos Humanos e da Cidadania, Silvio Almeida","desempenho:baixo, retencao:desconhecida, duracao:longa"
"Quero saber - De Dubai a Belém, via Azerbaijão: o que decidem as COPs?","desempenho:baixo, retencao:desconhecida, duracao:media"
Egressos e egressas - Vídeo 2,"desempenho:baixo, retencao:desconhecida, duracao:media"
Diálogos Avançados - Abertura - As Ciências Diante do Antropoceno,"desempenho:baixo, retencao:desconhecida, duracao:longa"
#16 – Estudos apontam os benefícios de sensores e biossensores eletroquímicos para detecção de doenç,"desempenho:baixo, retencao:desconhecida, duracao:longa"
"Qual(is) escola(s), para quem e para o quê? Reflexões sobre Educação brasileira em tempo de pandemia","desempenho:baixo, retencao:desconhecida, duracao:longa"
79ª Reunião Ordinária do CoACE,"desempenho:baixo, retencao:desconhecida, duracao:longa"
Diálogos Avançados - Biodiversidade Morte e Vida das Espécies,"desempenho:baixo, retencao:desconhecida, duracao:longa"
Dia Internacional das Mulheres e Meninas na Ciência com a cientista Sonia Guimarães,"desempenho:baixo, retencao:desconhecida, duracao:media"
Quero saber - E os direitos das pessoas trans no Brasil?,"desempenho:baixo, retencao:desconhecida, duracao:curta"
71ª Reunião Ordinária do Conselho de Administração,"desempenho:baixo, retencao:desconhecida, duracao:longa"
Política de Saúde Mental na UFSCar,"desempenho:baixo, retencao:desconhecida, duracao:media"
UFSCar conta Sua História - Luciana Pankararu,"desempenho:baixo, retencao:desconhecida, duracao:longa"
Quero saber - Livro didático em escola pública: presta ou não presta?,"desempenho:baixo, retencao:boa, duracao:curta"
Hedging Language: A proxy of Deception in public discourse,"desempenho:baixo, retencao:desconhecida, duracao:longa"
VOCÊ NA UFSCAR – COMO FAZER A MATRÍCULA?,"desempenho:baixo, retencao:desconhecida, duracao:curta"
Reitora da UFSCar apresenta obras na Universidade incluídas no Novo PAC,"desempenho:baixo, retencao:desconhecida, duracao:media"
Obras do Novo PAC avançam e fortalecem infraestrutura da UFSCar,"desempenho:baixo, retencao:desconhecida, duracao:media"
77ª Reunião Ordinária do CoACE,"desempenho:baixo, retencao:desconhecida, duracao:longa"
Max and his friends - Discovering the sea: Episode 1 - The sea we breathe,"desempenho:baixo, retencao:desconhecida, duracao:media"
Quero saber - Que prejuízos causa a não regulamentação da profissão de Gestor ou Gestora Ambiental?,"desempenho:baixo, retencao:desconhecida, duracao:curta"
Estudantes falam do papel da Iniciação Científica em sua formação,"desempenho:baixo, retencao:desconhecida, duracao:media"
Quero saber: Existe vacina contra a febre maculosa?,"desempenho:baixo, retencao:desconhecida, duracao:curta"
Quero saber – Como Surgiram os Jogos Paralímpicos?,"desempenho:baixo, retencao:desconhecida, duracao:media"
Sob o pôr do Sol - Vídeo 3,"desempenho:baixo, retencao:desconhecida, duracao:media"
Reunião extraordinária do Conselho Universitário,"desempenho:baixo, retencao:desconhecida, duracao:longa"
78ª Reunião Ordinária CoACE,"desempenho:baixo, retencao:desconhecida, duracao:longa"
Pró-Reitoria de Extensão está com quatro editais abertos,"desempenho:baixo, retencao:desconhecida, duracao:media"
Trilhas da Inovação - Ep.2 - Escala TRL - Grau de maturidade tecnológica,"desempenho:baixo, retencao:desconhecida, duracao:curta"
Quero saber - Quais são os desafios para a implementação segura das PICs no SUS?,"desempenho:baixo, retencao:desconhecida, duracao:curta"
Reunião Extraordinária do Conselho Universitário,"desempenho:baixo, retencao:desconhecida, duracao:longa"
161ª Reunião Ordinária do conselho de Pós-Graduação da UFSCar,"desempenho:baixo, retencao:desconhecida, duracao:longa"
Quero saber -  Como a doença afeta o cérebro?,"desempenho:baixo, retencao:desconhecida, duracao:curta"
Físico brasileiro comenta Nobel para a Mecânica Quântica,"desempenho:baixo, retencao:desconhecida, duracao:longa"
Estudantes da UFSCar destacam a importância da iniciação científica,"desempenho:baixo, retencao:desconhecida, duracao:media"
IV SIMPOSIO DE PESQUISA EM JUVENTUDE NO BRASIL - Abertura,"desempenho:baixo, retencao:desconhecida, duracao:longa"
“Boys and girls” e muito mais: projeto da UFSCar interage com estudantes do Ensino Fundamental,"desempenho:baixo, retencao:desconhecida, duracao:media"
Quero saber - Gordofobia: é crime ou é bobagem?,"desempenho:baixo, retencao:boa, duracao:curta"
"Teaser Formaturas São Carlos 2024 - 27, 28 e 29/05/2024","desempenho:baixo, retencao:desconhecida, duracao:curta"
Sob o pôr do Sol - Vídeo 3,"desempenho:baixo, retencao:desconhecida, duracao:media"
XIII SEGRAD/UFSCar - Abertura | Inserção Curricular da extensão nos cursos de gradua...,"desempenho:baixo, retencao:desconhecida, duracao:longa"
"Max and his friends in: Discovering the Sea - Episode 3 – Hot wind, cold rain","desempenho:baixo, retencao:desconhecida, duracao:media"
Quero saber - Linguagem neutra é luta por direitos ou ataque à Língua Portuguesa?,"desempenho:baixo, retencao:desconhecida, duracao:longa"
"Inscrições abertas: Programa Doutorado Sanduíche no Exterior (PDSE), da Capes","desempenho:baixo, retencao:boa, duracao:curta"
Max and his friends in: Discovering the Sea - Episode 2 – Plastic on its way to the sea,"desempenho:baixo, retencao:desconhecida, duracao:longa"
"Conexão Federal: Futebóis, diversidade e inclusão, com Osmar Moreira de Souza Júnior","desempenho:baixo, retencao:desconhecida, duracao:longa"
Quero saber - Existem evidências científicas sobre a eficácia das PICs incluídas no SUS?,"desempenho:baixo, retencao:desconhecida, duracao:media"
74ª Reunião Ordinária do CoAd,"desempenho:baixo, retencao:desconhecida, duracao:longa"
Cerimônia de entrega do título de Doutor Honoris Causa a Raduan Nassar,"desempenho:baixo, retencao:desconhecida, duracao:longa"
UFSCar adota CadÚnico para comprovação de renda para o SiSU,"desempenho:baixo, retencao:boa, duracao:curta"
UFSCar recebe novos estudantes,"desempenho:baixo, retencao:desconhecida, duracao:curta"
Boletim de Oportunidades - Oportunidades em Um Minuto #6,"desempenho:baixo, retencao:desconhecida, duracao:curta"
Como enviar sua sugestão de pauta para os produtos de comunicação da UFSCar?,"desempenho:baixo, retencao:desconhecida, duracao:curta"
Quero saber - Halloween ou Dia do Saci?,"desempenho:baixo, retencao:desconhecida, duracao:longa"
Conservação e uso sustentável da água,"desempenho:baixo, retencao:desconhecida, duracao:longa"
#2 - Estudo analisa o impacto do fogo nos diferentes ecossistemas brasileiros,"desempenho:baixo, retencao:desconhecida, duracao:longa"
Programa de Assistência Estudantil da UFSCar: o processo de ingresso e as perspectivas futuras,"desempenho:baixo, retencao:desconhecida, duracao:longa"
Estudo de implantação do novo campus da UFSCar é processo coletivo,"desempenho:baixo, retencao:desconhecida, duracao:curta"
271ª Reunião Ordinária do ConsUni | UFSCar,"desempenho:baixo, retencao:desconhecida, duracao:longa"
Idiomas Sem Fronteiras oferece cursos online para comunidade da UFSCar,"desempenho:baixo, retencao:desconhecida, duracao:media"
159ª Reunião Ordinária do Conselho de Extensão,"desempenho:baixo, retencao:desconhecida, duracao:longa"
Feira do Livro EdUFSCar - Bate-papo com Gabriel Feltran,"desempenho:baixo, retencao:desconhecida, duracao:longa"
Você sabia que pode usar a sua nota do Enem para cursar uma universidade federal?,"desempenho:baixo, retencao:boa, duracao:curta"
2ª Sessão da 117ª Reunião CoG,"desempenho:baixo, retencao:desconhecida, duracao:longa"
"Quero saber - E, como cuidar da nossa saúde?","desempenho:baixo, retencao:desconhecida, duracao:curta"
157ª Reunião Ordinária do Conselho de Extensão (CoEx) da UFSCa,"desempenho:baixo, retencao:desconhecida, duracao:longa"
Quero saber - Desenvolvimento sustentável: solução ou falácia? (Série Clima – Episódio 2),"desempenho:baixo, retencao:desconhecida, duracao:longa"
Monitoramento da biodiversidade na Amazônia reúne cientistas e população que vive da Floresta,"desempenho:baixo, retencao:desconhecida, duracao:media"
Quero saber - Quais os efeitos da transfobia na vida das pessoas e na sociedade?,"desempenho:baixo, retencao:desconhecida, duracao:curta"
149ª Reunião Ordinária do Conselho de Pós-Graduação | CoPG - UFSCar,"desempenho:baixo, retencao:desconhecida, duracao:longa"
O papel das universidades na construção da saúde mental universitária e no fortalecimento da RAPS,"desempenho:baixo, retencao:desconhecida, duracao:longa"
Presença indígena na UFSCar: 15 anos de história,"desempenho:baixo, retencao:desconhecida, duracao:media"
Conselhos Superiores - Constituição das urnas,"desempenho:baixo, retencao:desconhecida, duracao:longa"
Restaurante Universitário do Campus São Carlos está com novo visual,"desempenho:baixo, retencao:desconhecida, duracao:curta"
155ª Reunião Extraordinária do Conselho de Extensão,"desempenho:baixo, retencao:desconhecida, duracao:longa"
UFSCar conta Sua historia - Cláudia de Moraes Barros Ramalho,"desempenho:baixo, retencao:desconhecida, duracao:longa"
EMBRAPII E INOVAÇÃO NA UFSCar: O que é? Como fazer?,"desempenho:baixo, retencao:desconhecida, duracao:media"
Quero saber – O que é voyeurismo e o que isso tem a ver com reality shows?,"desempenho:baixo, retencao:desconhecida, duracao:media"
Quero saber – Idade é documento?,"desempenho:baixo, retencao:boa, duracao:curta"
Idiomas sem Fronteiras - Inglês,"desempenho:baixo, retencao:desconhecida, duracao:curta"
Quero saber - Linguagem neutra é luta por direitos ou ataque à Língua Portuguesa?,"desempenho:baixo, retencao:boa, duracao:curta"
Quero saber - Como ser feliz no momento presente?,"desempenho:baixo, retencao:desconhecida, duracao:curta"
Quero saber - Por que e como publicar um livro científico por uma editora internacional?,"desempenho:baixo, retencao:desconhecida, duracao:media"
SiSU/2021 -Tirando Dúvidas,"desempenho:baixo, retencao:desconhecida, duracao:longa"
Biblioteca infantil na BCo UFSCar,"desempenho:baixo, retencao:boa, duracao:curta"
Boletim de Oportunidades - Oportunidades em Um Minuto #4,"desempenho:baixo, retencao:desconhecida, duracao:curta"
"Conexão Federal: Mulheres da família Prestes, com Anita Prestes","desempenho:baixo, retencao:boa, duracao:curta"
10 anos do Campus Lagoa do Sino,"desempenho:baixo, retencao:desconhecida, duracao:curta"
Na Pauta #55,"desempenho:baixo, retencao:desconhecida, duracao:longa"
160ª Reunião Ordinária do CoEx,"desempenho:baixo, retencao:desconhecida, duracao:longa"
"Quero Saber: Afinal, é possível alcançar um equilíbrio entre desenvolvimento e sustentabilidade?","desempenho:baixo, retencao:desconhecida, duracao:media"
Herbicida sustentável: UFSCar pesquisa alternativa ecológica para o controle de plantas invasoras,"desempenho:baixo, retencao:desconhecida, duracao:curta"
UFSCar na Área,"desempenho:baixo, retencao:desconhecida, duracao:longa"
Hino Nacional Libras,"desempenho:baixo, retencao:desconhecida, duracao:media"
Cerimônia de Posse: Nova Equipe de Gestão UFSCar,"desempenho:baixo, retencao:desconhecida, duracao:longa"
99ª Reunião Ordinária do Conselho de Graduação (CoG),"desempenho:baixo, retencao:desconhecida, duracao:longa"
Quero saber – Qual o caminho da felicidade?,"desempenho:baixo, retencao:desconhecida, duracao:media"
Quero saber - Como combater o etarismo?,"desempenho:baixo, retencao:desconhecida, duracao:curta"
Quero saber - O que é a região Neotropical?,"desempenho:baixo, retencao:desconhecida, duracao:curta"
Quero saber - Como combater a transfobia?,"desempenho:baixo, retencao:desconhecida, duracao:curta"
Boletim de Oportunidades – 3ª Chamada do Proeduca - Denise Silva Vilela,"desempenho:baixo, retencao:desconhecida, duracao:curta"
"Sentir ou não sentir...: sinal, sensor e significado em materiais e no corpo humano","desempenho:baixo, retencao:desconhecida, duracao:longa"
Formatura Campus São Carlos - CCBS I - 27/05/2024,"desempenho:baixo, retencao:desconhecida, duracao:curta"
Quero saber - Quais são os sintomas e as formas de diagnóstico e de recuperação?,"desempenho:baixo, retencao:desconhecida, duracao:curta"
Quero saber - Como e quando surgiu o ecoturismo?,"desempenho:baixo, retencao:desconhecida, duracao:curta"
Redução de danos e combate às violências nas festas universitárias,"desempenho:baixo, retencao:desconhecida, duracao:longa"
Boletim de Oportunidades-Egresso da UFSCar fala sobre a importância do PIPE-Fapesp para sua empresa,"desempenho:baixo, retencao:desconhecida, duracao:curta"
Reunião Extraordinária do Conselho Universitário 07/12  - ConsUni UFSCar,"desempenho:baixo, retencao:desconhecida, duracao:longa"
148º Reunião Ordinária do Conselho de Pós-Graduação | CoPG - UFSCar,"desempenho:baixo, retencao:desconhecida, duracao:longa"
Próxima Gestão: Reitora e Vice-Reitora são indicadas pelo Colégio Eleitoral,"desempenho:baixo, retencao:desconhecida, duracao:media"
Fazenda Produtiva - UFSCar Lagoa do Sino,"desempenho:baixo, retencao:desconhecida, duracao:curta"
27 anos da Biblioteca Comunitária da UFSCar,"desempenho:baixo, retencao:desconhecida, duracao:media"
151ª Reunião Ordinária do conselho de Pós-Graduação | CoPG UFSCar,"desempenho:baixo, retencao:desconhecida, duracao:longa"
Eleição para discentes no CoG - Apuração,"desempenho:baixo, retencao:desconhecida, duracao:media"
Parcerias entre Universidade e Empresas resultam em Inovações para a sociedade,"desempenho:baixo, retencao:desconhecida, duracao:media"
21ª Edição da Feira de Oportunidades mobiliza 3 mil pessoas,"desempenho:baixo, retencao:desconhecida, duracao:media"
IV SIMPOSIO DE PESQUISA EM JUVENTUDE NO BRASIL - Mesa 5,"desempenho:baixo, retencao:desconhecida, duracao:longa"
147ª Reunião Ordinária do CoPG | UFSCar,"desempenho:baixo, retencao:desconhecida, duracao:longa"
VOCÊ NA UFSCAR –  CONHEÇA O SiSU,"desempenho:baixo, retencao:desconhecida, duracao:curta"
Formatura Campus São Carlos - CCBS III - 27/05/2024,"desempenho:baixo, retencao:desconhecida, duracao:curta"
Formatura Campus Lagoa do Sino - 29/06/2024,"desempenho:baixo, retencao:desconhecida, duracao:curta"
Professora Arlene Corrêa fala sobre o PITE-Fapesp,"desempenho:baixo, retencao:desconhecida, duracao:curta"
Reunião do Conselho de Administração (CoAd),"desempenho:baixo, retencao:desconhecida, duracao:longa"
Sessão solene de outorga do título de Doutor Honoris Causa a Dermeval Saviani,"desempenho:baixo, retencao:desconhecida, duracao:longa"
Transfobia não cabe na UFSCar,"desempenho:baixo, retencao:desconhecida, duracao:curta"
Quero saber – Como combater o machismo?,"desempenho:baixo, retencao:desconhecida, duracao:curta"
"Inscrições abertas: Programa Doutorado Sanduíche no Exterior (PDSE), da Capes","desempenho:baixo, retencao:desconhecida, duracao:curta"
EdUFSCar no Ar #5,"desempenho:baixo, retencao:desconhecida, duracao:longa"
"Mesa Redonda ""Saúde Mental  Antirracista"" | Novembro Negro UFSCar","desempenho:baixo, retencao:desconhecida, duracao:longa"
2a. Conferência do ciclo “Universidade para o Futuro:  Juventudes: novos desafios do conhecimento.,"desempenho:baixo, retencao:desconhecida, duracao:longa"
Quero saber – Idade é documento?,"desempenho:baixo, retencao:desconhecida, duracao:longa"
Trilhas da Inovação - Ep.1 - Primeiros passos para registrar uma patente,"desempenho:baixo, retencao:desconhecida, duracao:media"
Grupos da UFSCar é selecionado para apresentação sobre ciência em evento internacional,"desempenho:baixo, retencao:desconhecida, duracao:media"
Quero saber – O que é voyeurismo e o que isso tem a ver com reality shows?,"desempenho:baixo, retencao:boa, duracao:curta"
150ª Reunião do Conselho de Pós-Graduação | CoPG UFSCar,"desempenho:baixo, retencao:desconhecida, duracao:longa"
Tutorial: como solicitar o uso do nome social na UFSCar,"desempenho:baixo, retencao:desconhecida, duracao:curta"
"Quero saber: Afinal de contas, quem causa a febre maculosa?","desempenho:baixo, retencao:desconhecida, duracao:media"
Eleição de representantes do CoGePe - Constituição das Urnas,"desempenho:baixo, retencao:desconhecida, duracao:longa"
VOCÊ NA UFSCAR – CONHEÇA OS CURSOS DA FEDERAL,"desempenho:baixo, retencao:desconhecida, duracao:curta"
UFSCar de Todos os Povos - Etnia Atikum,"desempenho:baixo, retencao:desconhecida, duracao:curta"
"Ciência UFSCar - Crise hídrica e matriz energética: Brasil em 2001, 2014, 2021, 2022...","desempenho:baixo, retencao:desconhecida, duracao:longa"
Quero Saber- Dia de Finados e Dia de los Muertos: o que colonizadores e a Igreja Católica tem a ver?,"desempenho:baixo, retencao:desconhecida, duracao:curta"
Quero saber – O que é a Síndrome de Burnout?,"desempenho:baixo, retencao:boa, duracao:curta"
9ª Reunião Ordinária do Conselho de Pessoas (CoGePe),"desempenho:baixo, retencao:desconhecida, duracao:longa"
"Quero saber – O que aconteceu com o clima no Brasil, nos últimos 60 anos?","desempenho:baixo, retencao:desconhecida, duracao:media"
Quero saber - Como é a trajetória do Brasil nos Jogos Paralímpicos?,"desempenho:baixo, retencao:desconhecida, duracao:curta"
EdUFSCar no Ar #12,"desempenho:baixo, retencao:desconhecida, duracao:longa"
274ª Reunião Ordinária do Conselho Universitário | ConsUni UFSCar,"desempenho:baixo, retencao:desconhecida, duracao:longa"
17ª Reunião Ordinária do Conselho de Gestão de Pessoas | CoGePe UFSCar,"desempenho:baixo, retencao:desconhecida, duracao:longa"
2ª Sessão da 1ª Reunião Extraordinária do Conselho de Extensão (CoEx) da UFSCar no ano de 2022,"desempenho:baixo, retencao:desconhecida, duracao:longa"
UFSCar de Todos os Povos - Filippo Ghiglieno,"desempenho:baixo, retencao:desconhecida, duracao:curta"
Quero saber - Por que precisamos de profissionais de Gestão Ambiental?,"desempenho:baixo, retencao:desconhecida, duracao:curta"
Quero saber - Halloween ou Dia do Saci?,"desempenho:baixo, retencao:boa, duracao:curta"
Biblioteca do Campus Lagoa do Sino ganha acervo de Raduan Nassar,"desempenho:baixo, retencao:desconhecida, duracao:curta"
270ª Reunião Ordinária  do Conselho Universitário (ConsUni),"desempenho:baixo, retencao:desconhecida, duracao:longa"
Retorno total das atividades presenciais na UFSCar,"desempenho:baixo, retencao:desconhecida, duracao:media"
"Quero saber - A população está envelhecendo, e agora?","desempenho:baixo, retencao:desconhecida, duracao:media"
Plataforma Alumni - Rede social criada para fortalecer a comunidade UFSCar completa um ano,"desempenho:baixo, retencao:desconhecida, duracao:curta"
Encontro Internacional de Ciência Política Computacional,"desempenho:baixo, retencao:desconhecida, duracao:curta"
Reunião Extraordinária do Conselho Universitário - 18/12 | ConsUni UFSCar,"desempenho:baixo, retencao:desconhecida, duracao:longa"
T2 #9 - Pesquisa investiga acúmulo de mutações no DNA mitocondrial com a idade,"desempenho:baixo, retencao:desconhecida, duracao:longa"
Quero saber - Como e por que a transfobia mata?,"desempenho:baixo, retencao:baixa, duracao:curta"
Depoimento Ângela Lopes - Transformação,"desempenho:baixo, retencao:desconhecida, duracao:media"
UFSCar inicia processo de renaturalização na região da transfederônica,"desempenho:baixo, retencao:boa, duracao:curta"
Dossiê – Oceano em Risco – Entrevista com Dayana Moscardi,"desempenho:baixo, retencao:desconhecida, duracao:media"
Por que e como publicar um livro científico por uma editora internacional?,"desempenho:baixo, retencao:boa, duracao:curta"
Ciência UFSCar - Satélites brasileiros: de CubeSats ao Amazônia-1,"desempenho:baixo, retencao:desconhecida, duracao:longa"
VOCÊ NA UFSCAR – SAIBA COMO INGRESSAR NA UNIVERSIDADE,"desempenho:baixo, retencao:desconhecida, duracao:curta"
Anita Prestes visita a UFSCar e inaugura mostra sobre Olga e Luís Carlos Prestes,"desempenho:baixo, retencao:boa, duracao:curta"
Trilhas da Inovação - Ep.6 – Desenho industrial,"desempenho:baixo, retencao:desconhecida, duracao:media"
75º Reunião Ordinária do Conselho de Assuntos Comunitários e Estudantis | CoACE  UFSCar,"desempenho:baixo, retencao:desconhecida, duracao:longa"
Feira do Livro EdUFSCar - Bate-papo com Aline Bei,"desempenho:baixo, retencao:desconhecida, duracao:longa"
Idiomas sem Fronteiras - Espanhol,"desempenho:baixo, retencao:desconhecida, duracao:curta"
Quero saber - Fitoterápicos funcionam? Quais são vantagens e desvantagens?,"desempenho:baixo, retencao:desconhecida, duracao:media"
HU-UFSCar inaugura 29 leitos de enfermaria e dez de UTI Pediátrica,"desempenho:baixo, retencao:desconhecida, duracao:curta"
Quero saber - O que é e como prevenir a Doença Pulmonar Obstrutiva Crônica?,"desempenho:baixo, retencao:boa, duracao:curta"
Quero saber - Esportes Paralímpicos,"desempenho:baixo, retencao:baixa, duracao:curta"
Boletim de Oportunidades - Edital ProEx de Atividades Culturais 2025,"desempenho:baixo, retencao:baixa, duracao:curta"
EdUFSCar No Ar #10,"desempenho:baixo, retencao:desconhecida, duracao:longa"
Capacitismo não cabe na UFSCar,"desempenho:baixo, retencao:desconhecida, duracao:curta"
Quero saber - Quem decide qual paciente recebe um coração disponível para transplante?,"desempenho:baixo, retencao:desconhecida, duracao:media"
Depoimento Nicholas Baladore - Transformação,"desempenho:baixo, retencao:desconhecida, duracao:media"
"Conexão Federal: Internacionalização, com Márcio Weber Paixão","desempenho:baixo, retencao:desconhecida, duracao:longa"
"Aula Magna ""Ciência, Sonho e Construção de Futuro""","desempenho:baixo, retencao:desconhecida, duracao:longa"
#9 DIA INTERNACIONAL DAS MULHERES E MENINAS NA CIÊNCIA   ELISHA SILVA DE JESUS,"desempenho:baixo, retencao:desconhecida, duracao:longa"
"Trilhas da Inovação - Ep.3 – Relatório, COEPI e INPI","desempenho:baixo, retencao:desconhecida, duracao:media"
"UFSCar cria variedades de alimentos e plantas, no campus Araras","desempenho:baixo, retencao:desconhecida, duracao:media"
Quero saber - O que é e como prevenir a Doença Pulmonar Obstrutiva Crônica?,"desempenho:baixo, retencao:desconhecida, duracao:media"
Boletim de Oportunidades - Fábrica de Ideias,"desempenho:baixo, retencao:boa, duracao:curta"
#14 – Estudo avalia riscos trazidos por obesidade abdominal e perda de força muscular em idosos,"desempenho:baixo, retencao:desconhecida, duracao:longa"
Max y sus amigos en: Descubriendo el Mar - Episodio 2 – Plástico camino al mar,"desempenho:baixo, retencao:desconhecida, duracao:longa"
UFSCar realiza Feira de Oportunidades,"desempenho:baixo, retencao:desconhecida, duracao:curta"
Formatura Campus São Carlos - CCET II - 28/05/2024,"desempenho:baixo, retencao:desconhecida, duracao:curta"
VOCÊ NA UFSCAR -  TEM RESERVA DE VAGAS?,"desempenho:baixo, retencao:desconhecida, duracao:curta"
275ª Reunião Ordinária do Conselho Universitário - continuação,"desempenho:baixo, retencao:desconhecida, duracao:longa"
Anaí Floriano Vasconcelos,"desempenho:baixo, retencao:desconhecida, duracao:curta"
Depoimento Alex Kreibich - Transformação,"desempenho:baixo, retencao:desconhecida, duracao:media"
Quero saber - O ecoturismo é um modo diferente de fazer turismo?,"desempenho:baixo, retencao:desconhecida, duracao:curta"
Formatura Campus São Carlos - CECH I - 29/05/2024,"desempenho:baixo, retencao:desconhecida, duracao:curta"
Idiomas sem Fronteiras - Português para Estrangeiros,"desempenho:baixo, retencao:desconhecida, duracao:curta"
Conexão Federal - Dor Crônica: Mariana Avila,"desempenho:baixo, retencao:desconhecida, duracao:longa"
Quero saber - Como a medicina define a Síndrome de Burnout?,"desempenho:baixo, retencao:desconhecida, duracao:curta"
Formatura Campus São Carlos - CCET III - 28/05/2024,"desempenho:baixo, retencao:desconhecida, duracao:curta"
Acervos e coleções: do passado na memória a futuros diversos pela pesquisa e formação,"desempenho:baixo, retencao:desconhecida, duracao:longa"
Depoimento Jéssica Athos - Transformação,"desempenho:baixo, retencao:desconhecida, duracao:media"
UFSCar retoma realização presencial da colação de grau,"desempenho:baixo, retencao:desconhecida, duracao:curta"
Quero saber - A ciência já descobriu a fórmula da felicidade?,"desempenho:baixo, retencao:desconhecida, duracao:curta"
"Ana Beatriz de Oliveira, Reitora da UFSCar, fala sobre encontro com o Papa Francisco","desempenho:baixo, retencao:boa, duracao:curta"
Trilhas da Inovação - Ep.4 – Licenciamento de tecnologias,"desempenho:baixo, retencao:desconhecida, duracao:media"
"Max y sus amigos en: Descubriendo el Mar - Episodio 3 – Viento caliente, lluvia fría","desempenho:baixo, retencao:desconhecida, duracao:media"
Na Pauta #50,"desempenho:baixo, retencao:desconhecida, duracao:longa"
Os estudantes da UFSCar precisam da sua ajuda!,"desempenho:baixo, retencao:desconhecida, duracao:media"
Ricardo Cerri,"desempenho:baixo, retencao:desconhecida, duracao:media"
Quero saber - De Aristóteles até a Psicologia Positiva: Como evoluiu a noção de felicidade?,"desempenho:baixo, retencao:desconhecida, duracao:curta"
Ciência UFSCar: Mudanças climáticas - impactos em águas e pastos,"desempenho:baixo, retencao:desconhecida, duracao:longa"
EdUFSCar No AR #7,"desempenho:baixo, retencao:desconhecida, duracao:longa"
VOCÊ NA UFSCAR – QUAIS SÃO AS NOTAS DE CORTE?,"desempenho:baixo, retencao:desconhecida, duracao:curta"
"Alumni UFSCar: Ângelo Fernando Padilha, formado em Engenharia de Materiais na UFSCar","desempenho:baixo, retencao:desconhecida, duracao:curta"
UFSCar inaugura complexo de laboratórios,"desempenho:baixo, retencao:desconhecida, duracao:curta"
Trilhas da Inovação - Ep.8 – Programa de Computador,"desempenho:baixo, retencao:desconhecida, duracao:media"
Quero Saber – Desenvolvimento sustentável: solução ou falácia?,"desempenho:baixo, retencao:boa, duracao:curta"
Combate à violência de gênero e cultura da paz: desafios para a universidade pública brasileira,"desempenho:baixo, retencao:desconhecida, duracao:longa"
Reitoria e ProAd apresentam cenário orçamentário da UFSCar para 2024 e balanço de 2023,"desempenho:baixo, retencao:desconhecida, duracao:longa"
Max e sus amigos - Descobriendo el mar: Episodio 1 - El mar que respiramos,"desempenho:baixo, retencao:desconhecida, duracao:media"
Depoimento Fernanda Marciano – Transformação,"desempenho:baixo, retencao:desconhecida, duracao:curta"
"Alumni UFSCar: Edinaldo dos Santos Rodrigues, formado em Psicologia pela UFSCar.","desempenho:baixo, retencao:desconhecida, duracao:curta"
"Luiz Antonio Pessan, professor da UFSCar, é o novo diretor de Programas e Bolsas no País da CAPES","desempenho:baixo, retencao:desconhecida, duracao:media"
Conheça o Núcleo de Pesquisa e Desenvolvimento em Tecnologia Assistiva do Campus Sorocaba da UFSCar,"desempenho:baixo, retencao:desconhecida, duracao:media"
Depoimento Alice Agnes - Transformação,"desempenho:baixo, retencao:desconhecida, duracao:media"
News - Boletim de Oportunidades #7,"desempenho:baixo, retencao:desconhecida, duracao:curta"
"Discriminação não cabe na UFSCar! Aprenda, ensine: violência é crime!","desempenho:baixo, retencao:desconhecida, duracao:curta"
Laboratório da UFSCar desenvolve pesquisas sobre osteoartrite de joelho,"desempenho:baixo, retencao:desconhecida, duracao:media"
Feira do Livro EdUFSCar - Palestra: Jorge Amado - Uma biografia,"desempenho:baixo, retencao:desconhecida, duracao:longa"
30º Congresso de Iniciação Científica - UFSCar,"desempenho:baixo, retencao:desconhecida, duracao:media"
Tutorial - Como participar do Guardiões da Saúde,"desempenho:baixo, retencao:desconhecida, duracao:curta"
T2 #6 - Linguística popular valoriza e torna mais acessíveis os saberes linguísticos de não especial,"desempenho:baixo, retencao:desconhecida, duracao:longa"
Na Pauta #42,"desempenho:baixo, retencao:desconhecida, duracao:longa"
Quero saber - O quê explica Tarcísio decidir não usar os livros distribuídos pelo Governo Federal?,"desempenho:baixo, retencao:desconhecida, duracao:media"
"Alumni UFSCar: Rieli Tomaz da Silva, estudante do curso de Engenharia Agronômica da UFSCar","desempenho:baixo, retencao:desconhecida, duracao:curta"
"XII SEGRad - Abertura: Extensão Universitária na Graduação: história, diretrizes e experiências","desempenho:baixo, retencao:desconhecida, duracao:longa"
Laboratório de Talentos inspira meninas para trilharem seus caminhos profissionais,"desempenho:baixo, retencao:desconhecida, duracao:media"
Eleição para discentes no CoG - Constituição das Urnas,"desempenho:baixo, retencao:desconhecida, duracao:media"
#7 – Teste inédito pode ajudar a eliminar hanseníase,"desempenho:baixo, retencao:desconhecida, duracao:longa"
65ª Reunião Ordinária do Conselho de Administração (CoAd),"desempenho:baixo, retencao:desconhecida, duracao:longa"
"As possibilidades de Ensino, Pesquisa e Extensão Universitária a partir das experiências estudantis","desempenho:baixo, retencao:desconhecida, duracao:longa"
Quero saber - Como os comportamentos se manifestam?,"desempenho:baixo, retencao:desconhecida, duracao:curta"
Depoimento Lê Fernandes - Transformação,"desempenho:baixo, retencao:desconhecida, duracao:media"
T2 #5 - Jogo educativo leva temática indígena para crianças de 5 a 10 anos,"desempenho:baixo, retencao:desconhecida, duracao:longa"
"Quero saber - Acupuntura, fitoterápicos, aromaterapia: a que - e quem - servem as PICs no SUS?","desempenho:baixo, retencao:boa, duracao:curta"
110ª Reunião Ordinária d Conselho de Graduação | CoG UFSCar,"desempenho:baixo, retencao:desconhecida, duracao:longa"
Boletim de Oportunidades - Oportunidades em Um Minuto #2,"desempenho:baixo, retencao:baixa, duracao:curta"
HU-UFSCar inaugura Unidade de Pesquisa Clínicas,"desempenho:baixo, retencao:desconhecida, duracao:curta"
Teaser Formaturas Sorocaba 2024 - 17/07,"desempenho:baixo, retencao:desconhecida, duracao:curta"
15 Anos da Rádio UFSCar,"desempenho:baixo, retencao:desconhecida, duracao:longa"
Boletim de Oportunidades – 3ª Chamada do Proeduca - Profa Tathiane Milaré,"desempenho:baixo, retencao:baixa, duracao:curta"
#9 – Processo de financeirização da indústria automotiva ajuda a compreender saída da Ford do Brasil,"desempenho:baixo, retencao:desconhecida, duracao:longa"
EMBRAPII E INOVAÇÃO NA UFSCar: O que é? Como fazer?,"desempenho:baixo, retencao:boa, duracao:curta"
EMBRAPII-UFSCar promove parceria entre Universidade e empresas,"desempenho:baixo, retencao:desconhecida, duracao:curta"
Formatura Campus Araras - CCA - 31/08/2024,"desempenho:baixo, retencao:desconhecida, duracao:media"
"Fala, cientista! - Pesquisas Eleitorais - 04/12","desempenho:baixo, retencao:desconhecida, duracao:curta"
"Marcus Vinicius Batista Nascimento, novo secretário da SAADE fala sobre  antirracismo da UFSCar","desempenho:baixo, retencao:desconhecida, duracao:curta"
#5 – Maior parte da população brasileira é contrária ao fechamento do STF,"desempenho:baixo, retencao:desconhecida, duracao:longa"
I Encontro Fonaprace Sudeste 2022 - Manhã,"desempenho:baixo, retencao:desconhecida, duracao:longa"
Programa Capes/Brafitec apoia intercâmbio de estudantes de graduação entre Brasil e França,"desempenho:baixo, retencao:desconhecida, duracao:curta"
Quero saber - Admitir mudanças na língua que as pessoas falam é desestruturar a Língua Portuguesa?,"desempenho:baixo, retencao:desconhecida, duracao:media"
275ª Reunião Ordinária do Conselho Universitário,"desempenho:baixo, retencao:desconhecida, duracao:longa"
Boletim de Oportunidades - SBPC abre inscrições para o Prêmio Carolina Bori,"desempenho:baixo, retencao:desconhecida, duracao:curta"
Mesa redonda | Reforma psiquiátrica: desafios atuais para o SUS e para as universidades,"desempenho:baixo, retencao:desconhecida, duracao:longa"
Quero saber - Genética da Conservação: o que é e para que serve?,"desempenho:baixo, retencao:baixa, duracao:curta"
Teaser Formaturas UFSCar Araras 2024 - 31/08,"desempenho:baixo, retencao:desconhecida, duracao:curta"
Quero saber - O ecoturismo enquanto mercado. E agora?,"desempenho:baixo, retencao:desconhecida, duracao:curta"
Daiane Aparecida Zuanetti,"desempenho:baixo, retencao:desconhecida, duracao:curta"
Trilhas da Inovação - Ep.9 – A Agência de Inovação da UFSCar,"desempenho:baixo, retencao:desconhecida, duracao:curta"
"Fala, cientista! - Pesquisas Eleitorais - 05/12","desempenho:baixo, retencao:desconhecida, duracao:curta"
Formatura Campus São Carlos - CECH II - 29/05/2024,"desempenho:baixo, retencao:desconhecida, duracao:curta"
#4 DIA INTERNACIONAL DAS MULHERES E MENINAS NA CIÊNCIA   ANA CRISTINA JUVENAL DA CRUZ,"desempenho:baixo, retencao:desconhecida, duracao:longa"
Conexão Federal - EdUFSCar : Oswaldo Truzzi e Wilson Alves-Bezerra,"desempenho:baixo, retencao:desconhecida, duracao:longa"
Inclusão de colaboradores com deficiência nos Restaurantes Universitários da UFSCar,"desempenho:baixo, retencao:desconhecida, duracao:curta"
Trilhas da Inovação - Ep.7 – Cultivar,"desempenho:baixo, retencao:desconhecida, duracao:media"
#19 - Diferentes linhagens de HIV e as políticas públicas de combate,"desempenho:baixo, retencao:desconhecida, duracao:longa"
"Fala, cientista! - Pesquisas Eleitorais - 07/12","desempenho:baixo, retencao:desconhecida, duracao:media"
E o que Desenvolvimento Sustentável tem com as negociações para enfrentar a emergência climática?,"desempenho:baixo, retencao:desconhecida, duracao:media"
"Ana Beatriz de Oliveira, Reitora da UFSCar, fala sobre os seis meses do lançamento do portal Alumni","desempenho:baixo, retencao:desconhecida, duracao:curta"
Construindo a Política Cultural da UFSCar,"desempenho:baixo, retencao:desconhecida, duracao:longa"
"Sementes da Cultura Científica - Adilson de Oliveira, Departamento de Física","desempenho:baixo, retencao:desconhecida, duracao:media"
"Vida Universitária: o dia a dia acadêmico (ProGrad, SEaD, SIBi, SRinter, EDUFSCar)","desempenho:baixo, retencao:desconhecida, duracao:longa"
Práticas inovadoras no ensino de ciências e divulgação científica junto ao público infanto-juvenil,"desempenho:baixo, retencao:desconhecida, duracao:curta"
A homofobia não cabe na UFSCar,"desempenho:baixo, retencao:desconhecida, duracao:curta"
UFSCar de Todos os Povos - Lejzer Castro,"desempenho:baixo, retencao:desconhecida, duracao:curta"
Quero saber - Nascemos predispostos à felicidade ou é possível aprender a ser feliz?,"desempenho:baixo, retencao:desconhecida, duracao:curta"
14ª Reunião Extraordinária - CoGePe,"desempenho:baixo, retencao:desconhecida, duracao:curta"
Quero saber – Assédio: quais as faces desse mal?,"desempenho:baixo, retencao:desconhecida, duracao:media"
EdUFSCar completa 30 anos de história,"desempenho:baixo, retencao:desconhecida, duracao:longa"
Quero saber - Que mistérios - e crimes! - a Genética da Conservação ajuda a resolver?,"desempenho:baixo, retencao:desconhecida, duracao:media"
#8 – Conheça o veleiro que viaja os oceanos do mundo fazendo pesquisa,"desempenho:baixo, retencao:desconhecida, duracao:longa"
Quero saber - Por que a gordofobia causa sofrimento?,"desempenho:baixo, retencao:desconhecida, duracao:curta"
Quero saber - Não sou fluente em Inglês. Como vou publicar um livro por uma editora internacional?,"desempenho:baixo, retencao:desconhecida, duracao:curta"
Depoimento Augusta Neves - Transformação,"desempenho:baixo, retencao:desconhecida, duracao:media"
Edital ProGrad Nº 20 de 8 de janeiro de 2024 traduzido em Língua Brasileira de Sinais,"desempenho:baixo, retencao:desconhecida, duracao:longa"
Formatura Campus São Carlos - CCET I - 28/05/2024,"desempenho:baixo, retencao:desconhecida, duracao:curta"
UFSCar promove 1ª Feira da Visibilidade Trans e Travesti,"desempenho:baixo, retencao:desconhecida, duracao:curta"
Formatura Campus Sorocaba - CCGT - 17/07/2024,"desempenho:baixo, retencao:desconhecida, duracao:curta"
Alumni UFSCar - Conheça a nova página inicial,"desempenho:baixo, retencao:desconhecida, duracao:curta"
Calourada 2023,"desempenho:baixo, retencao:desconhecida, duracao:curta"
30 anos do projeto Trilha da Natureza da UFSCar,"desempenho:baixo, retencao:desconhecida, duracao:media"
7a Semana dos Estudantes Indígenas da UFSCar,"desempenho:baixo, retencao:desconhecida, duracao:curta"
"Alumni UFSCar: Anna Cláudia Sentanin, formada em Fisioterapia na UFSCar","desempenho:baixo, retencao:desconhecida, duracao:curta"
Depoimento Cae Pereira - Transformação,"desempenho:baixo, retencao:desconhecida, duracao:media"
Quero saber: Como prevenir a febre maculosa?,"desempenho:baixo, retencao:desconhecida, duracao:curta"
"Racismo, homofobia, desigualdade e extermínio: os impasses da atuação do Estado","desempenho:baixo, retencao:desconhecida, duracao:longa"
"NIASE: 20 anos de sonhos, ciência e transformação social","desempenho:baixo, retencao:desconhecida, duracao:longa"
UFSCar sedia novo INCT em Biodiversidade e Uso Sustentável de Peixes Neotropicais,"desempenho:baixo, retencao:desconhecida, duracao:media"
"Reitora, Ana Beatriz de Oliveira, participa de evento na Câmara Municipal de Sorocaba","desempenho:baixo, retencao:boa, duracao:curta"
T2 #1 - Bioeconomia circular e a produção de materiais avançados,"desempenho:baixo, retencao:desconhecida, duracao:longa"
Avanços e desafios para além da Lei Maria da Penha,"desempenho:baixo, retencao:desconhecida, duracao:longa"
“Ciência em Movimento” – cientistas da UFSCar e da USP divulgam suas pesquisas no transporte público,"desempenho:baixo, retencao:desconhecida, duracao:media"
Viviane Melo de Mendonça,"desempenho:baixo, retencao:desconhecida, duracao:curta"
Francisco Coury,"desempenho:baixo, retencao:desconhecida, duracao:curta"
Edital 2023 - Eleição de representantes junto aos conselhos superiores | Apuração,"desempenho:baixo, retencao:desconhecida, duracao:longa"
Reunião Extraordinária do Conselho Universitário | ConsUni UFSCar,"desempenho:baixo, retencao:desconhecida, duracao:longa"
XII SEGRad - Curricularização da Extensão: experiências institucionais,"desempenho:baixo, retencao:desconhecida, duracao:longa"
Quero saber – De onde surge e como se perpetua o machismo?,"desempenho:baixo, retencao:baixa, duracao:curta"
Reunião Extraordinária do Conselho Uniersitário - 12/12 | ConsUni UFSCar,"desempenho:baixo, retencao:desconhecida, duracao:longa"
Boletim de Oportunidades - Oportunidades em Um Minuto #1,"desempenho:baixo, retencao:baixa, duracao:curta"
Alumni UFSCar - Como criar/ gerenciar Grupos - Comunidades,"desempenho:baixo, retencao:desconhecida, duracao:media"
O Machismo não cabe na UFSCar!,"desempenho:baixo, retencao:desconhecida, duracao:curta"
Eleição de representantes do CoGePe - Apuração,"desempenho:baixo, retencao:desconhecida, duracao:media"
Quero saber - Por que o Governo não produz seu próprio livro didático ?,"desempenho:baixo, retencao:desconhecida, duracao:media"
UFSCar de todos os povos! Wéllima Timóteo de Lima - Estudante indígena da etnia Xukuru de Ororubá,"desempenho:baixo, retencao:desconhecida, duracao:curta"
UFSCar de Todos os Povos - Mamadú Saliu Djaló,"desempenho:baixo, retencao:desconhecida, duracao:curta"
"Quero saber: Afinal de contas, quem causa a febre maculosa?","desempenho:baixo, retencao:desconhecida, duracao:curta"
O Racismo não cabe na UFSCar!,"desempenho:baixo, retencao:desconhecida, duracao:curta"
Pesquisa da UFSCar vence Prêmio Capes de Tese,"desempenho:baixo, retencao:desconhecida, duracao:curta"
Roberta Cerasi Urban,"desempenho:baixo, retencao:desconhecida, duracao:curta"
T2 #2 - Diferença entre mão direita e mão esquerda e a busca de vacinas mais eficazes,"desempenho:baixo, retencao:desconhecida, duracao:longa"
UFSCar apresenta novidades na área de gestão ambiental e sustentabilidade,"desempenho:baixo, retencao:desconhecida, duracao:media"
Alumni UFSCar - Como postar ou encontrar eventos,"desempenho:baixo, retencao:desconhecida, duracao:curta"
NA PAUTA ENTREVISTA - OBSERVA SANCA,"desempenho:baixo, retencao:desconhecida, duracao:longa"
"TBT Aula Magna da UFSCar com o Ministro dos Direitos Humanos e da Cidadania, Silvio Almeida","desempenho:baixo, retencao:boa, duracao:curta"
Já está disponível o aplicativo Alumni UFSCar #shorts,"desempenho:baixo, retencao:boa, duracao:curta"
Trilhas da Inovação - Ep.5 – Know-how,"desempenho:baixo, retencao:desconhecida, duracao:media"
Depoimento Iago Costa - Transformação,"desempenho:baixo, retencao:desconhecida, duracao:media"
"Quero saber – Etarismo, quais suas origens e impactos?","desempenho:baixo, retencao:desconhecida, duracao:curta"
1ª Reunião Extraordinária do Conselho de Extensão (CoEx) da UFSCar do ano de 2023,"desempenho:baixo, retencao:desconhecida, duracao:longa"
Quero saber - Mas eu ainda estou no começo da minha carreira na Ciência! Já posso publicar um livro?,"desempenho:baixo, retencao:desconhecida, duracao:media"
8º Congresso do Colégio dos Gestores da Comunicação das universidades federais | Dia 09.11 - Manhã,"desempenho:baixo, retencao:desconhecida, duracao:longa"
Quero saber – Assédio: quais as faces desse mal?,"desempenho:baixo, retencao:baixa, duracao:curta"
Formatura Campus São Carlos - CECH III - 29/05/2024,"desempenho:baixo, retencao:desconhecida, duracao:curta"
Depoimento Victória Ayumi - Transformação,"desempenho:baixo, retencao:desconhecida, duracao:curta"
Cerimônia de entrega do Título de Doutor Honoris Causa para Dermeval Saviani,"desempenho:baixo, retencao:desconhecida, duracao:media"
30º Congresso de Iniciação Científica - UFSCar - Dia 13/11,"desempenho:baixo, retencao:desconhecida, duracao:curta"
UFSCar de todos os povos! Natalia Andrea Viana Bedoya - Professora do Dep. de Matemática da UFSCar,"desempenho:baixo, retencao:desconhecida, duracao:curta"
Equipe da Pró-Reitoria de Administração fala sobre desafios e conquistas nos dois anos de gestão,"desempenho:baixo, retencao:desconhecida, duracao:media"
T2 #4 - Pesquisadores redescobrem espécie de perereca considerada extinta,"desempenho:baixo, retencao:desconhecida, duracao:longa"
Quero saber - Estou sendo gordofóbico?,"desempenho:baixo, retencao:desconhecida, duracao:media"
NEEDS da UFSCar cria Programa de Computador para mapear APP,"desempenho:baixo, retencao:desconhecida, duracao:media"
Reitoria esclarece sobre revogação de lista,"desempenho:baixo, retencao:desconhecida, duracao:longa"
EdUFSCar no Ar #3,"desempenho:baixo, retencao:desconhecida, duracao:longa"
Depoimento Marc Tristão - Transformação,"desempenho:baixo, retencao:desconhecida, duracao:curta"
#Mesa5 - UFSCar Marchando para Transformar Ciência em Qualidade de Vida,"desempenho:baixo, retencao:desconhecida, duracao:longa"
Quero saber - Como prevenir a doença? E qual o papel das organizações?,"desempenho:baixo, retencao:desconhecida, duracao:curta"
"Conheça o trabalho da UAC, em atividade há 30 anos na UFSCar.","desempenho:baixo, retencao:desconhecida, duracao:curta"
Dia de valorização da universidade pública,"desempenho:baixo, retencao:desconhecida, duracao:media"
Equipe ProACE fala sobre ações de assistência durante a pandemia e novas conquistas em Saúde Mental,"desempenho:baixo, retencao:desconhecida, duracao:media"
TBT 2ª Feira da Visibilidade Trans e Travesti na UFSCar,"desempenho:baixo, retencao:desconhecida, duracao:curta"
11ª Reunião Ordinária do Conselho de Gestão de Pessoas (CoGePe),"desempenho:baixo, retencao:desconhecida, duracao:longa"
Agroecologia: potencialidades e desafios,"desempenho:baixo, retencao:desconhecida, duracao:longa"
Reitoria lança projeto UFSCar + 5 para elaboração do novo PDI,"desempenho:baixo, retencao:desconhecida, duracao:curta"
#1 – Fibra de PET reciclado pode ajudar no combate à Covid-19,"desempenho:baixo, retencao:desconhecida, duracao:longa"
"Boletim de Oportunidades - Capes abre inscrições para a Cátedra Rio Branco, no King's College London","desempenho:baixo, retencao:baixa, duracao:curta"
Boletim de Oportunidades - Oportunidades em Um Minuto #3,"desempenho:baixo, retencao:baixa, duracao:curta"
Quero saber - Porque a gravidade do quadro de saúde de Fausto Silva levou o coração até ele?,"desempenho:baixo, retencao:desconhecida, duracao:curta"
#6 DIA INTERNACIONAL DAS MULHERES E MENINAS NA CIÊNCIA   CAROLINA RODRIGUES DE SOUZA,"desempenho:baixo, retencao:desconhecida, duracao:longa"
"Quero saber - Afinal, assistir ao BBB é um comportamento voyeurístico?","desempenho:baixo, retencao:desconhecida, duracao:curta"
29º Congresso de Iniciação Científica e Tecnológica da UFSCar – CIC-CIDTI-CIC-EM/UFSCar,"desempenho:baixo, retencao:desconhecida, duracao:longa"
Dia Mundial da Saúde - Aspectos epidemiológicos da varíola dos macacos,"desempenho:baixo, retencao:desconhecida, duracao:longa"
150º Reunião Ordinária do Conselho de Extensão | CoEx UFSCar,"desempenho:baixo, retencao:desconhecida, duracao:longa"
#8 DIA INTERNACIONAL DAS MULHERES E MENINAS NA CIÊNCIA   SAMARA SABINO,"desempenho:baixo, retencao:desconhecida, duracao:longa"
Quero saber - Quais os benefícios da prática do ecoturismo?,"desempenho:baixo, retencao:desconhecida, duracao:curta"
